Product Name,Shipment,SKU,Qty,Unit cost (CAD),Shipping cost (CAD),Total cost (CAD),Unit cost (HKD),Shipping cost (HKD),Total cost (HKD)
Wash-free air brush needles (0.5 mm) × 50 pieces,,AB-D05,1,1.71,0.46,2.17,8.61,2.33,10.94
Stedi DMM-01 White,,DMM-01,2,1.05,0.57,2.67,5.32,2.86,13.5
Stedi DMM-02 Black,,DMM-02,4,1.05,1.13,5.33,5.32,5.71,26.99
Stedi DMM-09 Mecha Red,,DMM-09,2,1.05,0.57,2.67,5.32,2.86,13.5
Stedi DMM-20 Metallic Gold,,DMM-20,6,1.48,2.39,11.27,7.46,12.08,56.84
Stedi DMM-21 Metallic Sliver,,DMM-21,4,1.48,1.59,7.51,7.46,8.05,37.89
Stedi DMM-24 Metallic Yellow,,DMM-24,3,1.48,1.2,5.64,7.46,6.04,28.42
Stedi DMM-25 Metallic Green,,DMM-25,3,1.48,1.2,5.64,7.46,6.04,28.42
Stedi DMM-28 Metallic Red,,DMM-28,4,1.48,1.59,7.51,7.46,8.05,37.89
Stedi DMM-30 Metallic Blue,,DMM-30,5,1.48,1.99,9.39,7.46,10.06,47.36
Dspiae Extra Thin Cement (40ml),,ETC-01,5,3.05,4.11,19.36,15.4,20.74,97.74
Dspiae Slow Curing Cement,,ETC-02,6,3.28,5.3,24.98,16.55,26.76,126.06
Stedi MG-01 Adhesives (Low flow),,MG-01,2,2.48,1.34,6.3,12.53,6.74,31.8
Dspiae Soft Tipped Markers - Pure Black (MK-01),,MK-01,5,1.15,1.55,7.3,5.8,7.82,36.82
Dspiae Soft Tipped Markers - White (MK-02),,MK-02,6,1.15,1.86,8.76,5.8,9.38,44.18
Dspiae Soft Tipped Markers - Grey (MK-03),,MK-03,1,1.15,0.31,1.46,5.8,1.56,7.36
Dspiae Soft Tipped Markers - Mecha Red (MK-04),,MK-04,3,1.15,0.93,4.38,5.8,4.69,22.09
Dspiae Soft Tipped Markers - Mecha Blue (MK-05),,MK-05,1,1.15,0.31,1.46,5.8,1.56,7.36
Dspiae Soft Tipped Markers - Mecha Green (MK-06),,MK-06,1,1.15,0.31,1.46,5.8,1.56,7.36
Dspiae Soft Tipped Markers - Mecha Yellow (MK-07),,MK-07,6,1.15,1.86,8.76,5.8,9.38,44.18
Dspiae Soft Tipped Markers - Mecha Grey (MK-08),,MK-08,3,1.22,0.99,4.65,6.16,4.98,23.46
Dspiae Soft Tipped Markers - Purple (MK-09),,MK-09,3,1.15,0.93,4.38,5.8,4.69,22.09
Dspiae Soft Tipped Markers - Pink (MK-10),,MK-10,1,1.13,0.3,1.43,5.69,1.54,7.23
Dspiae Soft Tipped Markers - Sky Blue (MK-11),,MK-11,2,1.15,0.62,2.92,5.8,3.13,14.73
Dspiae Soft Tipped Markers - Armored Green (MK-12),,MK-12,1,1.15,0.31,1.46,5.8,1.56,7.36
Dspiae Soft Tipped Markers - Fluorescent Red (MKF-02),,MKF-02,1,1.15,0.31,1.46,5.8,1.56,7.36
Dspiae Soft Tipped Markers - Fluorescent Yellow (MKF-03),,MKF-03,1,1.15,0.31,1.46,5.8,1.56,7.36
Dspiae Soft Tipped Markers - Fluorescent Pink (MKF-07),,MKF-07,1,1.15,0.31,1.46,5.8,1.56,7.36
Dspiae Soft Tipped Markers - Metallic Black (MKM-01),,MKM-01,20,1.35,7.27,34.27,6.84,36.71,173.51
Dspiae Soft Tipped Markers - Metallic Silver (MKM-02),,MKM-02,20,1.35,7.27,34.27,6.84,36.71,173.51
Dspiae Soft Tipped Markers - Metallic Red (MKM-03),,MKM-03,20,1.35,7.27,34.27,6.84,36.71,173.51
Dspiae Soft Tipped Markers - Metallic Blue (MKM-04),,MKM-04,19,1.35,6.91,32.56,6.84,34.88,164.84
Dspiae Soft Tipped Markers - Metallic Green (MKM-05),,MKM-05,20,1.35,7.27,34.27,6.84,36.71,173.51
Dspiae Soft Tipped Markers - Metallic Yellow (MKM-06),,MKM-06,20,1.35,7.27,34.27,6.84,36.71,173.51
Dspiae Soft Tipped Markers - Gun Gray (MKM-07),,MKM-07,20,1.35,7.27,34.27,6.84,36.71,173.51
Dspiae Soft Tipped Markers - Metallic Violet (MKM-08),,MKM-08,15,1.35,5.45,25.7,6.84,27.54,130.14
Seepage line wiper pen (Red),,MP-02R,1,3.5,0.94,4.44,17.69,4.76,22.45
Stedi Panel Liner MP-11 Dark Grey,,MP-11,2,2.97,1.6,7.54,14.99,8.08,38.06
Stedi Panel Liner MP-12 Light Grey,,MP-12,7,2.97,5.6,26.39,14.99,28.27,133.2
Stedi Panel Liner MP-13 Black,,MP-13,5,2.97,4,18.85,14.99,20.19,95.14
Stedi Panel Liner MP-22 Fluorescent Blue,,MP-22,4,2.56,2.76,13,12.95,13.92,65.72
Stedi Panel Liner MP-24 Fluorescent Red,,MP-24,3,2.97,2.4,11.31,14.99,12.12,57.09
Stedi Panel Liner MP-28 Fluorescent White,,MP-28,4,2.56,2.76,13,12.95,13.92,65.72
Scribing Tape 3mm,Air,MS-03,8,1.13,2.43,11.47,5.69,12.29,57.81
Beginner's single blade nipper,Air,MS-104,30,6.04,48.78,229.98,30.49,246.4,1161.1
Double-edged modeling nipper,,MS-112,2,11.02,5.93,27.97,55.65,29.97,141.27
Stedi Tweezers (Curve),Air,MS-12,6,3.31,5.35,25.21,16.7,27.01,127.21
Stedi Tweezers (Point),,MS-14,1,3.31,0.89,4.2,16.7,4.5,21.2
Stedi Tweezers (Curve Point),,MS-15,4,3.31,3.56,16.8,16.7,18,84.8
Stedi Tweezers (Curve Flat),,MS-16,1,3.86,1.04,4.9,19.47,5.25,24.72
Stedi Tweezers (Curve),,MS-17,4,3.86,4.16,19.6,19.47,21,98.88
Model 6mm pen knife set (with 15 carbon steel blades),Air,MS-22,10,5.58,15.02,70.82,28.2,75.88,357.88
Stedi Tungsten Steel Needle,Air,MS-23,16,5.1,21.97,103.57,25.74,110.96,522.8
6mm carbon steel blades,Air,MS-29,5,1.1,1.48,6.98,5.53,7.48,35.13
Stedi Pusher 0.15 mm,Air,MS-33,6,7.87,12.71,59.93,39.73,64.21,302.59
Stedi Pusher 0.2 mm,,MS-34,4,7.96,8.57,40.41,40.19,43.3,204.06
Stedi Pusher Handle (Blue),,MS-39B,2,7.99,4.3,20.28,40.35,21.73,102.43
Stedi Pusher Handle (Green),,MS-39G,1,7.99,2.15,10.14,40.35,10.86,51.21
Stedi Pusher Handle (Orange),,MS-39O,1,7.99,2.15,10.14,40.35,10.86,51.21
Scriber handle (Red),,MS-39R,1,7.99,2.15,10.14,40.35,10.86,51.21
Stedi MS-58 Joint Reinforcement,,MS-58,6,1.37,2.21,10.43,6.95,11.18,52.88
2mm Sponge Sandpaper package 400-600 / 600-800 / 1000-1200,Air,MS-AT1,7,2.84,5.35,25.23,14.36,27.03,127.55
50ml bottles with 0.3mm needle (3 bottles & 3 needles),,MS-B50,1,2.01,0.54,2.55,10.13,2.73,12.86
Adhesive Sandpaper package 20mm x 80mm 400 / 600 / 800 grit,,MS-BT1,1,1.92,0.52,2.44,9.71,2.61,12.32
Adhesive Sandpaper 20mm x 80mm package 400 / 600 / 800 / 1000 / 1200 / 1500 grit,,MS-BT3,2,1.92,1.03,4.87,9.71,5.22,24.64
Carbon Fiber Detail Sanding Plate Set,,MS-D4,1,1.93,0.52,2.45,9.77,2.62,12.39
3mm Sponge Sandpaper package 400 / 600 / 800 grit x 5,,MS-DT1,2,2.84,1.53,7.21,14.36,7.72,36.44
3mm Sponge Sandpaper package 1000 / 1200 / 1500 grit x 5,,MS-DT2,4,2.84,3.06,14.42,14.36,15.45,72.89
Sanding stick 400 / 600 / 800 grit x 2,Air,MS-E1,5,1.8,2.42,11.42,9.08,12.24,57.64
Dspiae Masking Tape - 2mm,,MT-02,1,0.81,0.22,1.03,4.07,1.1,5.17
Dspiae Masking Tape - 3mm,,MT-03,2,0.81,0.44,2.06,4.07,2.2,10.34
Dspiae Masking Tape - 5mm,,MT-05,4,0.81,0.87,4.11,4.07,4.41,20.69
Dspiae Masking Tape - 10mm,,MT-10,1,1.03,0.28,1.31,5.22,1.4,6.62
Dspiae Masking Tape - 20mm,,MT-20,1,1.37,0.37,1.74,6.95,1.86,8.81
Dspiae Model Parts Detacher,Air,PT-MPS,14,3.59,13.53,63.79,18.12,68.34,322.02
XG-002 - Super Black 1 - DSPIAE - 50ml,,XG-002,2,3.69,1.99,9.37,18.63,10.04,47.3
XG-003 - Sci-fi White 1 - DSPIAE - 50ml,,XG-003,1,3.4,0.92,4.32,17.18,4.62,21.8
XG-004 - Sci-fi White 2 - DSPIAE - 50ml,,XG-004,4,3.69,3.97,18.73,18.63,20.07,94.59
XG-005 - Sci-fi White 3 - DSPIAE - 50ml,,XG-005,1,3.4,0.92,4.32,17.18,4.62,21.8
XG-007 - Mecha Dark Grey - DSPIAE - 50ml,,XG-007,3,3.69,2.98,14.05,18.63,15.05,70.94
XG-102 - Mecha Red 2 - DSPIAE - 50ml,,XG-102,1,3.4,0.92,4.32,17.18,4.62,21.8
XG-105 - Rouge Red 1 - DSPIAE - 50ml,,XG-105,1,3.35,0.9,4.25,16.92,4.56,21.48
XG-202 - Orange Yellow 1 - DSPIAE - 50ml,,XG-202,1,3.69,0.99,4.68,18.63,5.02,23.65
XG-301 - Real Green 1 - DSPIAE - 50ml,,XG-301,1,3.35,0.9,4.25,16.92,4.56,21.48
XG-306 - Turquoise Green 2 - DSPIAE - 50ml,,XG-306,1,3.35,0.9,4.25,16.92,4.56,21.48
XG-402 - Designer Blue 2 - DSPIAE - 50ml,,XG-402,1,3.35,0.9,4.25,16.92,4.56,21.48
XG-404 - Cosmic Blue 1 - DSPIAE - 50ml,,XG-404,1,3.35,0.9,4.25,16.92,4.56,21.48
XG-405 - Cosmic Blue 2 - DSPIAE - 50ml,,XG-405,1,3.4,0.92,4.32,17.18,4.62,21.8
XG-501 - Mecha Purple 1 - DSPIAE - 50ml,,XG-501,2,3.35,1.8,8.5,16.92,9.11,42.95
XG-502 - Mecha Purple 2 - DSPIAE - 50ml,,XG-502,1,3.35,0.9,4.25,16.92,4.56,21.48
XG-901 - Gloss Topcoat - DSPIAE - 50ml,,XG-901,7,3.69,6.95,32.78,18.63,35.12,165.53
XG-902 - Semi-gloss Topcoat - DSPIAE - 50ml,,XG-902,1,3.4,0.92,4.32,17.18,4.62,21.8
XG-903 - Matte Topcoat - DSPIAE - 50ml,,XG-903,11,3.69,10.93,51.52,18.63,55.19,260.12
XPS-01 - White Surfacer Primer -  DSPIAE - 50ML,,XPS-01,9,3.69,8.94,42.15,18.63,45.16,212.83
XPS-02 - Gray Surfacer Primer -  DSPIAE - 50ML,,XPS-02,7,3.69,6.95,32.78,18.63,35.12,165.53
Dspiae Pre Mixed Paint - Metallic Red (XSM-001),,XSM-001,6,3.89,6.28,29.62,19.63,31.74,149.52
Dspiae Pre Mixed Paint - Metallic Crimson (XSM-002),,XSM-002,7,3.89,7.33,34.56,19.63,37.03,174.44
Dspiae Pre Mixed Paint - Metallic Emerald Green (XSM-003),,XSM-003,5,3.89,5.24,24.69,19.63,26.45,124.6
Dspiae Pre Mixed Paint - Metallic Teal (XSM-004),,XSM-004,5,3.89,5.24,24.69,19.63,26.45,124.6
Dspiae Pre Mixed Paint - Metallic Sea Blue (XSM-005),,XSM-005,5,3.89,5.24,24.69,19.63,26.45,124.6
Dspiae Pre Mixed Paint - Metallic Blue (XSM-006),,XSM-006,5,3.89,5.24,24.69,19.63,26.45,124.6
Dspiae Pre Mixed Paint - Metallic Deep Space Blue (XSM-007),,XSM-007,5,3.89,5.24,24.69,19.63,26.45,124.6
Dspiae Pre Mixed Paint - Metallic Purple (XSM-008),,XSM-008,6,3.89,6.28,29.62,19.63,31.74,149.52
Dspiae Pre Mixed Paint - Shimmering Gold (XSM-101),,XSM-101,7,3.89,7.33,34.56,19.63,37.03,174.44
Dspiae Pre Mixed Paint - Gold Plating (XSM-102),,XSM-102,6,3.89,6.28,29.62,19.63,31.74,149.52
Dspiae Pre Mixed Paint - Champagne Gold (XSM-003),,XSM-103,5,3.89,5.24,24.69,19.63,26.45,124.6
Dspiae Pre Mixed Paint - Shimmering Brass (XSM-104),,XSM-104,6,3.89,6.28,29.62,19.63,31.74,149.52
Dspiae Pre Mixed Paint - Titanium Gold (XSM-105),,XSM-105,6,3.89,6.28,29.62,19.63,31.74,149.52
Dspiae Pre Mixed Paint - Brownish Gold (XSM-106),,XSM-106,5,3.89,5.24,24.69,19.63,26.45,124.6
Dspiae Pre Mixed Paint - Burnt Gold (XSM-107),,XSM-107,6,3.89,6.28,29.62,19.63,31.74,149.52
Dspiae Pre Mixed Paint - Elegant Gold (XSM-108),,XSM-108,5,3.89,5.24,24.69,19.63,26.45,124.6
Dspiae Pre Mixed Paint - Shimmering Champagne Silver (XSM-201),,XSM-201,5,3.89,5.24,24.69,19.63,26.45,124.6
Dspiae Pre Mixed Paint - Silver (XSM-202),,XSM-202,5,3.89,5.24,24.69,19.63,26.45,124.6
Dspiae Pre Mixed Paint - Dark Steel (XSM-203),,XSM-203,6,3.89,6.28,29.62,19.63,31.74,149.52
Dspiae Pre Mixed Paint - Dark Iron (XSM-204),,XSM-204,8,3.89,8.38,39.5,19.63,42.32,199.36
Dspiae Pre Mixed Paint - Siderite (XSM-205),,XSM-205,6,3.89,6.28,29.62,19.63,31.74,149.52
Dspiae Pre Mixed Paint - Burnt Iron (XSM-206),,XSM-206,6,3.89,6.28,29.62,19.63,31.74,149.52
Stedi DMM-22 Metallic Copper,,DMM-22,2,1.36,1.3,4.02,6.87,6.54,20.28
Stedi MC-08 Matte Armor White,,MC-08,1,1.14,0.54,1.68,5.76,2.74,8.5
Stedi MC-09 Matte Orange,,MC-09,1,1.14,0.54,1.68,5.76,2.74,8.5
Stedi MMC-01 Zirconium Silver,,MMC-01,1,1.52,0.72,2.24,7.68,3.66,11.34
Stedi MMC-03 Frame Metal,,MMC-03,1,1.52,0.72,2.24,7.68,3.66,11.34
Seepage line wiper pen (Blue),Air,MP-02B,5,3.23,7.69,23.84,16.31,38.86,120.41
Stedi Panel Liner MP-20 Fluorescent Orange,,MP-20,1,2.29,1.09,3.38,11.57,5.51,17.08
Stedi Panel Liner MP-25 Fluorescent Purple,,MP-25,1,2.29,1.09,3.38,11.57,5.51,17.08
6MM Scribing Tape,Air,MS-06,5,1.31,3.12,9.67,6.62,15.76,48.86
Stedi Fine Brush Size 1,,MS-132,1,1.5,0.71,2.21,7.58,3.61,11.19
Stedi Brush Size 1,,MS-134,1,1.5,0.71,2.21,7.58,3.61,11.19
Stedi Brush Size 2,,MS-135,1,1.5,0.71,2.21,7.58,3.61,11.19
Stedi Scriber 1 mm,,MS-150,1,4.62,2.2,6.82,23.34,11.12,34.46
Stedi Tungsten Steel Drill Bits set 1.0 / 1.5 / 2.0 / 2.5 / 3.0 mm,,MS-158,3,4.27,6.1,18.91,21.57,30.82,95.53
Hand Drill Handle (Red),,MS-25,2,6.6,6.29,19.49,33.34,31.76,98.44
6.9754E+12,,MS-25B,1,6.6,3.14,9.74,33.34,15.88,49.22
Stedi Tungsten Steel Needle 1.5 mm,,MS-27,1,1.52,0.72,2.24,7.68,3.66,11.34
Stedi Pusher Handle (Black),Air,MS-39H,5,7.19,17.12,53.07,36.32,86.49,268.09
Stedi Ultra Fine Short Polishing 10000 grit,,MS-43,3,1.5,2.14,6.64,7.58,10.83,33.57
Stedi Ultra Fine Short Polishing File 600-800 grit,,MS-46,1,1.5,0.71,2.21,7.58,3.61,11.19
Stedi MS-63 Gun & Iron metal,,MS-63,3,1.43,2.04,6.33,7.22,10.32,31.98
Stedi MS-64 Black Iron,,MS-64,5,1.43,3.41,10.56,7.22,17.2,53.3
Stedi MS-65 Zirconium Black,,MS-65,1,1.43,0.68,2.11,7.22,3.44,10.66
Stedi MS-67 Dark Gold,,MS-67,2,1.43,1.36,4.22,7.22,6.88,21.32
Stedi MS-70 Metallic Space Aluminum,,MS-70,4,1.43,2.72,8.44,7.22,13.76,42.64
Stedi MS-71 Metallic Titanium Steel,,MS-71,3,1.43,2.04,6.33,7.22,10.32,31.98
Stedi MS-72 Metallic Tungsten,,MS-72,1,1.43,0.68,2.11,7.22,3.44,10.66
Stedi MS-74 Metallic Black Iron,,MS-74,3,1.43,2.04,6.33,7.22,10.32,31.98
Stedi MS-75 Metallic Zirconium,,MS-75,1,1.43,0.68,2.11,7.22,3.44,10.66
Stedi MS-76 Metallic Red Copper,,MS-76,8,1.43,5.45,16.89,7.22,27.52,85.28
"Stedi Anti-Static Brush (Soft, Small Head)",,MS-82,1,1.78,0.85,2.63,8.99,4.28,13.27
"Stedi Anti-Static Brush (Bristle, Large Head)",,MS-83,3,2.16,3.09,9.57,10.91,15.59,48.32
Thin Sponge Sandpaper 20mm x 80mm 400-600 grit,,MS-A1,1,1.75,0.83,2.58,8.84,4.21,13.05
Thin Sponge Sandpaper 20mm x 80mm 600-800 grit,,MS-A2,2,1.75,1.67,5.17,8.84,8.42,26.1
Thin Sponge Sandpaper 20mm x 80mm 1000-1200 grit,,MS-A3,1,1.75,0.83,2.58,8.84,4.21,13.05
2mm Sponge Sandpaper package 1000-1200 / 1200-1500 / 2000-2500,Air,MS-AT2,5,2.63,6.26,19.41,13.28,31.64,98.04
Adhesive Sandpaper 20mm x 80mm 800 grit,,MS-B800,2,1.27,1.21,3.75,6.41,6.11,18.93
Adhesive Sandpaper package 20mm x 80mm 1000 / 1200 / 1500 grit,,MS-BT2,1,1.78,0.85,2.63,8.99,4.28,13.27
Carbon Fiber Sanding Board 20/15/5 x 80mm,,MS-D2,3,2.03,2.9,8.99,10.25,14.65,45.4
Sanding stick 1200 grit x 3,,MS-E1200,2,1.32,1.26,3.9,6.67,6.35,19.69
Sanding stick 1500 grit x 3,,MS-E1500,1,1.32,0.63,1.95,6.67,3.18,9.85
Sanding stick 600 grit x 3,,MS-E600,1,1.32,0.63,1.95,6.67,3.18,9.85
Aluminum Sanding Plate (Red) 3 different size,,MS-JD3R,1,2.08,0.99,3.07,10.51,5,15.51
